Brand,Model
Audi,A1
Audi,A3
Audi,A4
Audi,A5
Audi,A6
Audi,A7
Audi,A8
Audi,Q2
Audi,Q3
Audi,Q5
Audi,Q7
Audi,RS
Audi,RS3
Audi,S3
Audi,S4
Audi,S5
Audi,SQ2
Audi,SQ5
Audi,SQ7
Audi,TT
BMW,116I
BMW,118D
BMW,118I
BMW,120D
BMW,120I
BMW,125I
BMW,128TI
BMW,135I
BMW,218D
BMW,218I
BMW,220D
BMW,220I
BMW,225I
BMW,228I
BMW,230I
BMW,316I
BMW,318I
BMW,320CI
BMW,320D
BMW,320I
BMW,323I
BMW,325I
BMW,328I
BMW,330CI
BMW,330D
BMW,330I
BMW,335I
BMW,340I
BMW,420D
BMW,420I
BMW,428I
BMW,430I
BMW,435I
BMW,520D
BMW,525I
BMW,530D
BMW,530I
BMW,740I
BMW,740LI
BMW,M135I
BMW,M140I
BMW,M2
BMW,M235I
BMW,M240I
BMW,M3
BMW,M4
BMW,M5
BMW,M6
BMW,X1
BMW,X2
BMW,X3
BMW,X4
BMW,X5
BMW,X6
BMW,Z4
Ford,Courier
Ford,Ecosport
Ford,Endura
Ford,Escape
Ford,Everest
Ford,Fairlane
Ford,Fairmont
Ford,Falcon
Ford,Fiesta
Ford,Focus
Ford,Kuga
Ford,Laser
Ford,Maverick
Ford,Mondeo
Ford,Mustang
Ford,Puma
Ford,Ranger
Ford,Territory
Ford,Transit
GWM,Haval
GWM,Steed
GWM,Tank
GWM,UTE
Holden,Acadia
Holden,Adventra
Holden,Astra
Holden,Barina
Holden,Calais
Holden,Caprice
Holden,Captiva
Holden,Cascada
Holden,Colorado
Holden,Combo
Holden,Commodore
Holden,Crewman
Holden,Cruze
Holden,Epica
Holden,Equinox
Holden,Jackaroo
Holden,Malibu
Holden,Monaro
Holden,Rodeo
Holden,Statesman
Holden,Trailblazer
Holden,Trax
Holden,Vectra
Holden,Viva
Honda,Accord
Honda,CR-V
Honda,CR-Z
Honda,City
Honda,Civic
Honda,Fit
Honda,HR-V
Honda,Integra
Honda,Jazz
Honda,Odyssey
Hyundai,Accent
Hyundai,Elantra
Hyundai,Genesis
Hyundai,Getz
Hyundai,I20
Hyundai,I30
Hyundai,I40
Hyundai,I45
Hyundai,IX35
Hyundai,Iload
Hyundai,Imax
Hyundai,Kona
Hyundai,Palisade
Hyundai,Santa
Hyundai,Sonata
Hyundai,Staria
Hyundai,Terracan
Hyundai,Trajet
Hyundai,Tucson
Hyundai,Veloster
Hyundai,Venue
Isuzu,D-MAX
Isuzu,MU-X
Jeep,Cherokee
Jeep,Commander
Jeep,Compass
Jeep,Gladiator
Jeep,Patriot
Jeep,Renegade
Jeep,Wrangler
Kia,Carnival
Kia,Cerato
Kia,Grand
Kia,K2700
Kia,Niro
Kia,Optima
Kia,Picanto
Kia,RIO
Kia,Rondo
Kia,Seltos
Kia,Sorento
Kia,Soul
Kia,Spectra
Kia,Sportage
Kia,Stinger
Kia,Stonic
Land,Rover
Lexus,CT
Lexus,CT200H
Lexus,ES250
Lexus,ES300
Lexus,ES300H
Lexus,ES350
Lexus,GS250
Lexus,GS350
Lexus,GS450H
Lexus,IS200T
Lexus,IS250
Lexus,IS250C
Lexus,IS300
Lexus,IS300H
Lexus,IS350
Lexus,LS460
Lexus,LX470
Lexus,NX200T
Lexus,NX250
Lexus,NX300
Lexus,NX300H
Lexus,RC200T
Lexus,RC350
Lexus,RX270
Lexus,RX300
Lexus,RX330
Lexus,RX350
Lexus,RX350L
Lexus,RX450H
Lexus,RX450HL
Lexus,SC430
Lexus,UX200
MG,F
MG,HS
MG,MG3
MG,ZS
MG,ZST
Mazda,121
Mazda,2
Mazda,3
Mazda,323
Mazda,6
Mazda,B2500
Mazda,B4000
Mazda,BT-50
Mazda,CX-3
Mazda,CX-30
Mazda,CX-5
Mazda,CX-7
Mazda,CX-8
Mazda,CX-9
Mazda,E2000
Mazda,MPV
Mazda,MX-30
Mazda,MX-5
Mazda,RX-8
Mazda,Tribute
Mercedes-Benz,190
Mercedes-Benz,420
Mercedes-Benz,560
Mercedes-Benz,A170
Mercedes-Benz,A180
Mercedes-Benz,A190
Mercedes-Benz,A200
Mercedes-Benz,A250
Mercedes-Benz,A35
Mercedes-Benz,A45
Mercedes-Benz,B180
Mercedes-Benz,B200
Mercedes-Benz,B250
Mercedes-Benz,C180
Mercedes-Benz,C200
Mercedes-Benz,C220
Mercedes-Benz,C230
Mercedes-Benz,C250
Mercedes-Benz,C300
Mercedes-Benz,C350
Mercedes-Benz,C43
Mercedes-Benz,C63
Mercedes-Benz,CLA
Mercedes-Benz,CLA200
Mercedes-Benz,CLA250
Mercedes-Benz,CLA45
Mercedes-Benz,CLC200
Mercedes-Benz,CLK280
Mercedes-Benz,CLK320
Mercedes-Benz,CLK500
Mercedes-Benz,CLK63
Mercedes-Benz,CLS250
Mercedes-Benz,CLS350
Mercedes-Benz,CLS500
Mercedes-Benz,E200
Mercedes-Benz,E220
Mercedes-Benz,E240
Mercedes-Benz,E250
Mercedes-Benz,E300
Mercedes-Benz,E350
Mercedes-Benz,E400
Mercedes-Benz,E500
Mercedes-Benz,E55
Mercedes-Benz,GL320
Mercedes-Benz,GL500
Mercedes-Benz,GL63
Mercedes-Benz,GLA
Mercedes-Benz,GLA180
Mercedes-Benz,GLA200
Mercedes-Benz,GLA220
Mercedes-Benz,GLA250
Mercedes-Benz,GLA45
Mercedes-Benz,GLC
Mercedes-Benz,GLC200
Mercedes-Benz,GLC220
Mercedes-Benz,GLC250
Mercedes-Benz,GLC300
Mercedes-Benz,GLC350
Mercedes-Benz,GLC43
Mercedes-Benz,GLE250
Mercedes-Benz,GLE350
Mercedes-Benz,GLE400
Mercedes-Benz,GLE43
Mercedes-Benz,GLE450
Mercedes-Benz,GLS350
Mercedes-Benz,MB100
Mercedes-Benz,ML250
Mercedes-Benz,ML300
Mercedes-Benz,ML320
Mercedes-Benz,ML350
Mercedes-Benz,ML400
Mercedes-Benz,ML500
Mercedes-Benz,ML63
Mercedes-Benz,R300
Mercedes-Benz,R320
Mercedes-Benz,S350
Mercedes-Benz,S430
Mercedes-Benz,SL350
Mercedes-Benz,SL500
Mercedes-Benz,SL55
Mercedes-Benz,SLC
Mercedes-Benz,SLK350
Mercedes-Benz,Sprinter
Mercedes-Benz,V250
Mercedes-Benz,Valente
Mercedes-Benz,Viano
Mercedes-Benz,Vito
Mercedes-Benz,X250
Mercedes-Benz,X350
Mitsubishi,380
Mitsubishi,ASX
Mitsubishi,Challenger
Mitsubishi,Delica
Mitsubishi,Eclipse
Mitsubishi,Express
Mitsubishi,Lancer
Mitsubishi,Magna
Mitsubishi,Mirage
Mitsubishi,Outlander
Mitsubishi,Pajero
Mitsubishi,Triton
Mitsubishi,Verada
Nissan,300ZX
Nissan,350Z
Nissan,370Z
Nissan,Almera
Nissan,Altima
Nissan,Dualis
Nissan,Elgrand
Nissan,Juke
Nissan,Maxima
Nissan,Micra
Nissan,Murano
Nissan,Navara
Nissan,Pathfinder
Nissan,Patrol
Nissan,Pulsar
Nissan,Qashqai
Nissan,Skyline
Nissan,Stagea
Nissan,Tiida
Nissan,X-Trail
Other,2008
Other,207
Other,208
Other,3-Sep
Other,300
Other,3008
Other,300C
Other,307
Other,308
Other,3D
Other,4008
Other,407
Other,500
Other,5008
Other,500X
Other,508
Other,595
Other,5D
Other,Actyon
Other,Ateca
Other,Avalanche
Other,Berlingo
Other,Boxster
Other,C3
Other,C30
Other,C4
Other,C5
Other,Cabrio
Other,Cayenne
Other,Clubman
Other,Clubsport
Other,Convertible
Other,Cooper
Other,Corsa
Other,Countryman
Other,Coupe
Other,D90
Other,DS3
Other,DS4
Other,Daily
Other,Doblo
Other,E-Pace
Other,F-Pace
Other,F6
Other,Fabia
Other,Formentor
Other,Fortwo
Other,Freemont
Other,G10
Other,G10+
Other,G80
Other,GT
Other,GTS
Other,Ghibli
Other,H2
Other,H6
Other,H8
Other,H9
Other,J11
Other,Journey
Other,Kamiq
Other,Karoq
Other,Kodiaq
Other,Korando
Other,Leon
Other,Macan
Other,Maloo
Other,Mulsanne
Other,Musso
Other,Nitro
Other,Octavia
Other,Omoda5
Other,PIK-UP
Other,PT
Other,Paceman
Other,Panamera
Other,Panda
Other,Punto
Other,Pursuit
Other,Q50
Other,Q60
Other,Quattroporte
Other,RCZ
Other,Rapid
Other,Rexton
Other,Romeo
Other,Roomster
Other,S16
Other,S40
Other,S60
Other,Scala
Other,Scudo
Other,Sebring
Other,Senator
Other,Stavic
Other,Superb
Other,T60
Other,Tunland
Other,V40
Other,V50
Other,V60
Other,V80
Other,Wall
Other,X
Other,XC40
Other,XC60
Other,XC70
Other,XC90
Other,XE
Other,XF
Other,XJ8
Other,XUV500
Other,Xenon
Other,Xjsc
Renault,Arkana
Renault,Captur
Renault,Clio
Renault,Kadjar
Renault,Kangoo
Renault,Koleos
Renault,Laguna
Renault,Master
Renault,Megane
Renault,Trafic
Subaru,BRZ
Subaru,Forester
Subaru,Impreza
Subaru,Levorg
Subaru,Liberty
Subaru,Outback
Subaru,Tribeca
Subaru,WRX
Subaru,XV
Suzuki,APV
Suzuki,Alto
Suzuki,Baleno
Suzuki,Celerio
Suzuki,Ignis
Suzuki,Jimny
Suzuki,Kizashi
Suzuki,S-Cross
Suzuki,SX4
Suzuki,Sierra
Suzuki,Swift
Suzuki,Vitara
Suzuki,XL-7
Toyota,86
Toyota,Aurion
Toyota,Avalon
Toyota,Avensis
Toyota,C-HR
Toyota,Caldina
Toyota,Camry
Toyota,Celica
Toyota,Corolla
Toyota,Echo
Toyota,Estima
Toyota,FJ
Toyota,Fortuner
Toyota,GR
Toyota,GR86
Toyota,Granvia
Toyota,HiAce
Toyota,Hiace
Toyota,Hilux
Toyota,Kluger
Toyota,Landcruiser
Toyota,Prius
Toyota,Prius-C
Toyota,RAV4
Toyota,Supra
Toyota,Tarago
Toyota,Yaris
Volkswagen,Amarok
Volkswagen,Arteon
Volkswagen,Beetle
Volkswagen,CC
Volkswagen,Caddy
Volkswagen,Caravelle
Volkswagen,Crafter
Volkswagen,EOS
Volkswagen,Golf
Volkswagen,Jetta
Volkswagen,Multivan
Volkswagen,Passat
Volkswagen,Polo
Volkswagen,Scirocco
Volkswagen,T-Cross
Volkswagen,T-ROC
Volkswagen,Tiguan
Volkswagen,Touareg
Volkswagen,Transporter
